OrderID,accm_txn_complete_time
593508327,3/30/2026
516416490,3/29/2026
426306712,3/29/2026
840484845,3/30/2026
598906648,3/29/2026
416206157,3/29/2026
538598144,3/28/2026
645854318,4/1/2026
592975747,3/29/2026
717271029,4/1/2026
572493112,3/29/2026
735328090,4/1/2026
665076100,4/1/2026
936402785,4/1/2026
984730613,3/30/2026
940166032,4/1/2026
159243667,4/1/2026
611009633,3/31/2026
102936160,4/1/2026
866867482,4/1/2026
488736951,3/31/2026
903920590,3/29/2026
751202476,3/28/2026
859999310,3/30/2026
878180825,4/1/2026
650543677,3/29/2026
840265119,3/28/2026
780702912,3/29/2026
107734954,4/1/2026
653661477,3/30/2026
251771295,3/31/2026
636780726,3/30/2026
642974269,4/1/2026
127045571,4/1/2026
289080178,3/31/2026
923948752,3/28/2026
702653634,3/29/2026
328910768,3/28/2026
762766444,3/31/2026
919016063,4/1/2026
467110192,3/31/2026
807939565,3/30/2026
360596024,4/1/2026
309666240,3/30/2026
298975169,4/1/2026
167823731,3/30/2026
427808320,3/30/2026
542403876,3/30/2026
251134431,3/30/2026
367937123,3/29/2026
608852279,3/29/2026
494127976,3/29/2026
818541371,3/31/2026
969514548,3/28/2026
566764771,3/29/2026
955282104,4/1/2026
196157729,3/29/2026
458249461,3/30/2026
383762156,3/30/2026
638198220,3/29/2026
726038205,3/31/2026
317212903,3/28/2026
433339250,3/31/2026
189804971,3/31/2026
861336982,4/1/2026
436432588,3/31/2026
962945497,3/28/2026
792718350,3/31/2026
392559373,3/31/2026
532241094,3/29/2026
881001222,3/29/2026
222413766,4/1/2026
359533870,3/30/2026
344490754,3/30/2026
126134479,3/30/2026
271397769,4/1/2026
921283710,4/1/2026
663736283,4/1/2026
275011241,4/1/2026
659218585,3/31/2026
521701514,3/31/2026
506075608,4/1/2026
959941422,3/29/2026
380067145,3/30/2026
519756162,3/28/2026
277559983,3/28/2026
722901093,3/31/2026
832801282,3/30/2026
463153827,3/29/2026
730335319,3/30/2026
914421546,3/29/2026
394557511,3/29/2026
192423236,3/29/2026
615918290,3/30/2026
598506677,3/28/2026
938133132,3/29/2026
295789992,3/29/2026
531065642,3/29/2026
890275657,4/1/2026
804939782,3/29/2026
